,state,district,Jan,Feb,Mar,Apr,May,Jun,Jul,Aug,Sep,Oct,Nov,Dec,N,P,K
0,andhra pradesh,adilabad,0.0,0.0,15.2,3.5,22.9,244.5,118.9,272.1,84.9,75.9,8.0,0.5,L,L,H
1,bihar,begusarai,0.0,0.0,20.7,16.9,62.5,53.5,314.0,289.6,109.0,73.0,0.0,0.0,M,M,M
2,bihar,bhagalpur,4.0,0.0,18.4,22.6,111.3,66.8,377.5,319.3,216.0,272.3,0.1,0.0,L,M,M
3,bihar,bhojpur,0.0,0.0,0.0,7.4,28.6,88.2,222.6,110.7,124.5,2.3,0.0,0.0,M,M,M
4,assam,bongaigaon,0.0,50.8,60.8,390.2,221.6,394.0,404.5,1083.8,766.2,304.6,4.0,0.0,L,M,L
5,assam,cachar,0.0,38.5,318.7,408.6,306.2,584.2,480.0,564.5,200.3,362.7,10.2,101.0,M,M,L
6,chhattisgarh,bastar,0.0,0.0,1.9,13.4,78.6,268.0,441.6,421.9,221.3,136.4,0.0,0.0,L,L,L
7,chhattisgarh,dhamtari,0.0,0.2,22.6,0.0,20.8,169.6,304.4,319.2,277.2,67.8,0.0,0.0,L,L,M
8,chhattisgarh,durg,1.8,0.0,11.4,0.0,18.2,124.4,192.8,278.6,151.4,66.4,0.0,0.0,L,M,H
9,chhattisgarh,jashpur,0.0,1.0,0.0,0.0,23.5,177.7,586.1,268.3,165.2,28.8,0.0,0.0,M,M,H
10,chhattisgarh,kanker,0.0,0.0,0.0,0.0,0.0,195.1,342.8,273.9,224.1,109.1,0.0,0.0,L,L,L
11,chhattisgarh,korba,5.3,0.0,0.0,0.0,13.3,137.0,463.6,303.4,249.7,30.3,1.0,0.0,M,L,H
12,chhattisgarh,koriya,0.0,2.9,0.0,0.0,2.3,97.6,355.1,142.7,130.6,21.2,0.0,0.0,M,M,H
13,chhattisgarh,raipur,3.9,0.0,5.8,0.0,6.0,196.9,138.4,228.9,224.9,62.6,0.0,0.0,L,L,M
14,chhattisgarh,rajnandgaon,0.0,0.0,15.9,0.0,11.5,137.5,269.7,177.2,140.0,47.6,0.0,0.0,L,M,M
15,assam,chirang,0.4,26.6,63.8,458.2,424.5,837.9,686.0,1198.8,858.0,316.2,25.4,0.0,L,M,L
16,bihar,darbhanga,0.0,0.0,27.6,54.0,138.0,108.3,432.4,443.4,66.9,1.9,0.0,0.0,L,M,M
17,assam,darrang,19.0,0.0,5.0,5.0,16.0,98.0,143.8,201.6,141.4,0.0,0.0,0.0,L,M,M
18,assam,dhemaji,2.0,70.0,90.0,285.0,281.0,486.0,704.0,446.0,419.0,161.9,0.0,0.0,M,M,M
19,assam,dhubri,0.8,8.2,86.4,445.1,270.6,457.1,304.6,353.6,399.3,161.9,0.0,0.0,M,M,M
20,assam,dibrugarh,3.5,97.2,117.1,238.1,316.0,283.8,461.1,280.8,269.3,190.6,0.9,1.5,M,M,H
21,bihar,east champaran,3.2,0.0,23.8,7.9,87.9,84.9,338.3,249.4,128.9,0.0,0.0,0.0,M,M,M
22,bihar,gaya,0.6,0.0,11.7,0.0,15.5,28.4,324.1,281.6,101.2,5.0,0.3,0.0,L,L,L
23,assam,golaghat,0.0,49.5,134.0,165.8,262.8,224.4,396.9,227.5,212.3,149.9,4.1,0.0,M,M,L
24,bihar,gopalganj,2.1,0.0,10.6,7.5,60.3,95.9,379.9,178.9,190.6,4.5,0.0,0.0,L,M,M
25,gujarat,amreli,0.0,0.0,0.0,0.6,0.0,74.1,309.6,111.5,66.4,29.9,0.0,3.9,L,M,H
26,gujarat,anand,0.0,0.0,0.0,0.0,0.9,95.6,376.8,168.7,59.3,0.0,0.0,1.8,M,M,H
27,gujarat,banaskantha,0.0,0.0,0.0,0.1,0.3,76.8,939.7,95.0,25.3,0.0,0.0,0.6,L,H,M
28,gujarat,bharuch,0.0,0.0,0.0,0.0,0.0,181.5,265.2,234.7,62.5,21.6,0.0,6.3,L,H,H
29,gujarat,dahod,0.0,0.0,0.0,0.0,1.0,111.2,363.2,113.0,58.7,1.2,0.0,6.2,M,H,H
30,gujarat,gandhinagar,0.0,0.0,0.0,0.0,0.5,70.9,889.2,144.8,94.9,0.0,0.0,6.9,L,M,H
31,gujarat,jamnagar,0.0,0.0,0.0,0.0,0.0,79.2,426.2,156.5,6.7,0.0,0.0,0.0,L,M,H
32,gujarat,junagadh,0.0,0.0,0.0,0.0,0.0,129.3,366.0,291.2,82.2,8.4,0.0,1.5,H,M,H
33,gujarat,kheda,0.0,0.0,0.0,0.0,0.0,104.8,518.8,154.7,77.5,2.0,0.0,1.6,M,M,H
34,gujarat,kutch,0.1,0.1,0.0,0.0,0.0,58.9,295.4,104.3,34.5,0.0,0.0,0.0,L,M,M
35,gujarat,narmada,0.0,0.0,0.0,0.0,0.0,205.2,421.1,252.3,61.5,25.3,0.0,15.4,L,H,H
36,gujarat,navsari,0.0,0.0,0.0,0.0,0.0,288.7,862.2,331.5,133.5,34.3,0.0,43.5,M,H,H
37,gujarat,panchmahal,0.0,0.0,0.0,0.0,0.0,104.3,509.6,143.0,78.7,2.6,0.0,6.9,M,H,H
38,gujarat,patan,0.0,0.0,0.0,0.0,0.0,89.1,721.6,98.3,20.8,0.0,0.0,2.2,L,H,H
39,gujarat,porbandar,0.0,0.0,0.0,0.0,0.0,167.0,201.0,210.3,76.0,0.0,0.0,0.0,H,H,H
40,gujarat,rajkot,0.0,0.0,0.0,0.0,1.4,139.0,448.4,165.3,68.0,0.0,0.0,0.2,H,M,H
41,gujarat,sabarkantha,0.0,0.0,0.0,0.0,0.0,98.2,657.8,173.2,34.7,0.0,0.0,5.6,L,M,M
42,gujarat,surat,0.0,0.0,0.0,0.0,0.1,240.9,518.7,293.1,113.1,57.7,0.0,20.1,L,M,H
43,gujarat,surendranagar,0.0,0.0,0.0,0.0,0.0,93.2,584.5,141.7,18.6,0.0,0.0,1.6,L,H,H
44,gujarat,vadodara,0.0,0.0,0.0,0.0,0.2,91.4,320.1,118.2,39.7,1.0,0.0,6.5,L,M,M
45,gujarat,valsad,0.0,0.0,0.0,0.0,0.6,486.1,1278.1,570.4,211.9,89.3,0.0,69.5,M,H,H
46,andhra pradesh,guntur,0.0,0.0,6.9,2.1,40.5,169.1,139.9,186.7,145.1,93.7,7.6,0.0,L,L,H
47,assam,hailakandi,0.0,57.5,239.3,464.6,283.5,593.4,287.6,473.8,149.2,176.9,7.4,87.5,M,M,L
48,haryana,bhiwani,16.6,0.0,6.5,6.5,5.3,103.1,70.9,44.0,27.3,0.0,8.8,2.4,L,L,H
49,haryana,faridabad,16.3,0.0,14.3,4.0,31.0,129.7,150.0,36.6,279.1,0.0,0.6,5.0,L,L,M
51,haryana,gurgaon,28.8,0.0,2.4,2.8,15.8,97.3,61.2,33.4,65.0,0.0,0.0,1.3,L,L,M
52,haryana,hisar,23.0,0.0,4.8,1.4,5.3,132.8,47.6,43.2,24.3,0.0,1.5,3.5,L,L,M
53,haryana,jhajjar,20.1,0.0,0.9,1.4,11.5,188.7,122.6,47.5,34.7,0.0,0.1,1.1,L,L,H
54,haryana,jind,46.0,0.0,7.3,1.5,6.5,150.0,44.2,82.2,51.5,0.0,2.2,3.7,L,L,H
55,haryana,kaithal,51.9,1.0,1.8,0.5,5.5,118.3,46.8,124.9,121.7,0.0,0.0,3.5,L,L,H
56,haryana,karnal,66.5,0.0,9.8,2.7,11.0,169.1,82.0,108.4,197.8,0.0,0.7,6.4,L,L,M
57,haryana,kurukshetra,49.7,0.3,9.5,6.3,0.9,131.5,47.1,104.4,158.9,0.0,0.0,5.5,L,L,H
58,haryana,mahendragarh,17.2,0.0,3.3,8.0,33.5,147.4,73.0,58.9,35.9,0.0,0.0,1.6,L,M,H
59,haryana,panchkula,83.9,1.2,10.5,6.7,1.6,50.4,67.0,193.4,95.0,0.0,0.0,18.0,L,L,M
60,haryana,panipat,40.4,0.2,8.0,0.7,8.3,94.3,67.8,71.6,81.7,0.0,0.0,4.0,L,L,H
61,haryana,rewari,36.7,2.0,3.3,0.0,24.3,131.7,83.2,111.6,38.0,0.0,0.0,2.3,L,L,M
62,haryana,rohtak,24.6,0.0,8.8,0.6,5.7,128.2,30.8,43.9,52.1,0.0,0.5,2.7,M,M,M
63,haryana,sirsa,10.0,0.0,1.5,0.0,4.5,79.7,13.0,15.3,63.6,0.0,4.7,3.0,L,L,H
64,haryana,yamuna nagar,87.9,2.3,23.9,23.5,12.8,186.7,162.7,297.6,207.8,0.0,0.0,11.3,L,L,M
65,himachal pradesh,chamba,187.9,88.3,76.1,105.2,75.7,130.7,277.9,196.8,90.2,0.0,2.3,69.0,H,M,L
66,himachal pradesh,kangra,114.3,30.9,36.6,45.5,54.6,220.3,637.4,636.3,134.3,2.3,0.3,80.3,M,L,L
67,himachal pradesh,kinnaur,135.0,38.6,69.5,121.1,17.4,39.4,41.9,27.5,51.6,0.1,21.5,29.9,H,H,L
68,himachal pradesh,mandi,135.3,32.2,41.1,61.2,111.1,162.6,467.8,430.7,134.7,0.0,1.4,52.0,M,L,M
69,himachal pradesh,shimla,119.5,19.9,59.7,77.5,118.9,146.1,189.2,183.3,126.8,0.0,2.4,24.8,H,L,M
70,himachal pradesh,solan,252.9,10.0,37.8,52.2,80.1,184.1,207.5,306.7,133.6,0.0,0.6,28.4,H,M,M
71,himachal pradesh,una,94.2,12.2,19.6,42.5,41.2,126.7,224.7,588.9,79.0,0.0,0.8,40.4,M,L,L
72,andhra pradesh,hyderabad,0.0,0.0,2.5,18.5,42.6,163.3,138.8,250.5,155.7,248.4,0.0,0.0,M,L,H
73,bihar,jahanabad,0.0,0.0,0.8,0.0,21.0,133.5,314.2,128.3,146.5,0.0,0.0,0.0,L,L,L
74,bihar,jamui,0.0,0.0,0.0,8.6,97.7,86.6,398.4,186.3,68.5,237.8,0.0,0.0,L,M,M
75,assam,kamrup,0.0,6.5,157.1,175.4,110.8,271.2,268.6,171.4,163.9,137.8,7.6,5.7,M,M,M
76,assam,karimganj,0.0,6.5,157.1,175.4,110.8,271.2,268.6,171.4,163.9,137.8,7.6,5.7,M,M,L
77,andhra pradesh,karimnagar,0.0,0.0,3.6,1.8,7.2,197.9,148.8,177.3,75.8,123.0,2.5,0.8,L,L,H
78,karnataka,bidar,0.0,0.0,35.4,1.5,10.6,212.0,75.9,221.8,132.1,136.8,29.0,0.0,M,M,H
79,karnataka,chitradurga,0.0,0.0,1.1,11.3,41.1,35.1,47.2,68.0,183.0,194.3,1.8,0.1,M,M,H
80,karnataka,dharwad,0.0,0.0,4.0,10.3,78.0,58.1,109.8,43.7,182.1,87.6,7.0,0.1,H,M,H
81,karnataka,gadag,0.0,0.0,2.6,5.7,73.0,34.3,41.7,74.4,194.1,121.6,8.7,2.1,H,M,H
82,karnataka,hassan,8.0,0.0,18.4,51.1,154.0,80.7,103.2,139.6,218.4,108.3,13.7,8.9,M,L,H
83,karnataka,haveri,0.0,0.0,1.4,43.7,73.0,54.6,124.3,70.3,217.0,169.4,4.5,0.0,H,M,H
84,karnataka,kolar,11.0,0.0,24.9,32.6,136.8,93.9,37.3,137.2,276.5,365.7,44.0,8.4,L,M,M
85,karnataka,mandya,2.9,0.0,24.7,71.5,235.4,27.0,25.7,161.4,317.7,158.0,18.1,16.2,H,H,M
86,karnataka,raichur,0.0,0.0,17.3,1.7,31.7,89.7,18.2,144.0,264.6,200.3,0.0,0.0,M,M,H
87,karnataka,udupi,0.0,0.0,0.0,4.5,159.1,1192.4,1150.2,864.6,379.9,301.5,27.5,14.0,H,L,L
88,bihar,katihar,0.0,0.0,16.5,51.5,124.3,139.5,359.4,344.6,202.9,228.4,0.0,0.7,M,L,M
89,kerala,ernakulam,16.8,0.0,97.9,31.4,306.0,706.3,435.4,415.8,445.3,293.0,217.8,28.1,M,H,H
90,kerala,idukki,12.8,1.1,122.2,71.1,210.0,517.9,293.4,713.1,534.5,285.3,117.1,91.0,M,M,M
91,kerala,kollam,21.5,1.3,147.6,137.7,356.8,532.5,128.5,282.4,412.2,322.5,369.0,258.5,L,H,M
92,kerala,kottayam,27.8,0.2,128.3,58.2,315.9,654.0,342.3,450.3,482.4,287.3,267.4,79.1,M,H,M
93,kerala,malappuram,4.0,0.0,29.4,26.6,122.9,568.8,427.0,459.7,472.7,211.1,95.6,37.1,M,M,M
94,kerala,palakkad,0.0,0.0,83.1,28.3,139.5,433.2,317.2,398.0,375.6,102.8,35.2,38.9,M,M,H
95,kerala,pathanamthitta,30.9,0.0,314.5,100.0,260.1,553.7,204.8,454.3,541.2,427.0,389.3,76.0,M,M,M
96,kerala,thiruvananthapuram,5.0,0.0,85.0,54.2,228.3,318.8,52.9,123.0,269.3,241.4,274.7,151.2,L,H,M
97,kerala,thrissur,1.4,0.0,43.6,12.9,175.7,674.8,419.3,427.2,354.7,188.0,113.0,15.5,M,M,M
98,bihar,khagaria,0.0,0.0,4.3,29.1,51.7,132.4,331.7,179.4,103.9,100.7,0.0,0.0,M,M,M
99,andhra pradesh,khammam,0.0,0.0,16.1,0.8,58.4,258.0,231.9,275.9,115.0,72.0,0.7,0.0,L,L,H
100,assam,kokrajhar,0.0,0.2,89.9,412.2,374.6,505.7,586.9,1196.4,661.0,312.3,0.2,0.0,L,M,L
101,andhra pradesh,krishna,0.0,0.0,8.4,0.4,25.1,176.6,217.6,210.4,101.4,111.2,15.6,1.0,L,L,H
102,andhra pradesh,kurnool,0.0,0.0,13.9,8.9,24.8,109.2,57.8,176.3,176.5,175.4,1.1,0.0,L,L,H
103,assam,lakhimpur,6.5,44.9,76.0,347.6,359.9,505.9,931.5,420.0,518.6,345.2,17.7,0.3,M,M,M
104,bihar,lakhisarai,0.0,0.0,0.0,0.0,29.1,92.7,296.4,224.4,114.2,130.9,0.0,0.0,L,M,M
105,bihar,madhepura,0.0,0.0,59.5,28.2,128.5,143.6,408.2,246.9,120.5,61.7,0.0,0.0,L,L,L
106,bihar,madhubani,0.3,0.0,27.5,53.7,126.3,98.6,416.2,471.0,132.9,7.2,0.0,0.0,M,M,L
107,madhya pradesh,anuppur,1.2,12.6,2.0,0.0,2.1,169.5,236.8,357.2,129.3,24.2,0.0,0.0,M,M,L
108,madhya pradesh,balaghat,7.7,2.8,0.9,0.0,7.3,105.8,290.4,263.6,187.5,49.4,0.0,0.0,M,M,M
109,madhya pradesh,betul,1.2,5.9,0.6,0.0,0.0,122.1,293.5,133.0,180.1,71.4,0.2,0.0,M,L,L
110,madhya pradesh,bhind,27.9,0.0,0.5,0.0,10.7,69.4,184.4,89.9,102.2,0.0,0.0,7.8,L,L,H
111,madhya pradesh,bhopal,3.4,2.8,1.0,0.0,17.6,102.9,334.5,126.2,217.4,0.0,0.0,0.2,M,M,H
112,madhya pradesh,burhanpur,3.1,1.7,0.0,0.0,0.0,150.6,244.2,203.7,252.3,55.8,0.0,0.0,M,M,H
113,madhya pradesh,chhindwara,9.0,5.6,0.0,0.0,23.0,130.4,246.3,197.5,196.1,67.3,7.8,0.0,M,M,H
114,madhya pradesh,damoh,2.5,6.5,2.5,0.0,6.0,136.0,341.8,74.0,156.5,1.0,0.0,0.0,M,L,M
115,madhya pradesh,dewas,0.7,0.0,0.0,0.0,6.0,147.7,244.0,198.3,207.8,5.7,0.0,0.0,M,L,H
116,madhya pradesh,dhar,0.1,0.0,0.0,0.0,3.6,140.7,238.0,221.3,141.6,12.6,0.0,3.9,M,M,L
117,madhya pradesh,dindori,8.0,4.0,0.0,0.0,0.0,106.5,376.5,254.7,109.5,55.6,0.0,0.0,M,H,M
118,madhya pradesh,guna,6.0,7.7,9.7,0.0,5.0,126.4,372.1,125.8,154.2,1.0,0.0,0.5,H,H,M
119,madhya pradesh,gwalior,30.1,0.0,5.0,0.1,19.0,74.9,109.3,305.7,82.2,0.0,0.0,5.5,L,L,L
120,madhya pradesh,harda,0.0,6.0,0.0,0.0,0.0,95.8,301.1,111.1,152.0,9.9,0.0,0.0,M,M,M
121,madhya pradesh,hoshangabad,1.7,8.8,0.0,0.0,9.1,82.4,474.2,294.7,160.0,13.1,0.0,0.0,H,H,H
122,madhya pradesh,indore,0.0,0.0,0.0,0.0,1.7,142.1,270.2,220.5,140.9,0.9,0.0,0.7,L,M,H
123,madhya pradesh,jabalpur,8.2,20.2,3.8,0.0,21.9,127.1,364.9,206.9,139.3,10.2,0.0,0.0,L,L,M
124,madhya pradesh,jhabua,0.0,0.0,0.0,0.0,0.5,114.8,424.9,145.3,153.0,3.4,0.0,3.7,M,L,H
125,madhya pradesh,katni,6.0,3.0,5.0,0.0,9.3,120.3,669.3,178.4,122.5,2.0,0.0,0.0,M,L,M
126,madhya pradesh,khandwa,0.0,0.0,0.0,0.0,1.7,148.7,351.5,256.3,186.3,33.3,0.0,0.0,M,M,H
127,madhya pradesh,khargone,0.0,0.0,0.0,0.2,0.0,102.3,274.5,207.1,136.3,54.9,0.0,0.3,M,M,H
128,madhya pradesh,mandla,3.0,6.8,0.3,0.0,13.0,143.2,370.5,191.9,199.7,15.7,0.0,0.0,M,M,M
129,madhya pradesh,mandsaur,0.5,0.0,0.0,0.0,5.3,89.7,362.5,129.6,80.7,0.0,0.0,0.5,L,M,H
130,madhya pradesh,morena,20.3,0.0,6.6,0.0,10.8,69.3,164.3,140.3,72.1,0.0,0.0,9.0,L,M,L
131,madhya pradesh,narsinghpur,0.6,13.6,0.2,0.0,14.2,113.0,296.6,132.6,186.0,20.2,0.0,0.0,M,M,H
132,madhya pradesh,neemuch,1.3,0.0,0.7,0.0,0.0,121.8,386.2,182.3,107.0,0.0,0.0,1.7,L,M,H
133,madhya pradesh,panna,1.0,3.8,0.0,0.0,10.6,50.1,478.8,226.1,87.0,0.0,0.0,0.0,L,L,H
134,madhya pradesh,raisen,2.8,10.0,0.9,0.0,11.4,181.6,384.3,132.8,183.7,11.9,8.0,0.0,M,M,H
136,madhya pradesh,rajgarh,0.0,0.4,0.4,0.0,6.8,114.8,430.7,161.8,119.7,5.4,0.0,0.6,H,H,H
137,madhya pradesh,ratlam,0.0,0.0,0.0,0.0,2.4,114.6,418.1,319.7,119.3,1.7,0.0,2.0,L,M,H
138,madhya pradesh,rewa,4.6,4.2,0.0,0.0,3.1,131.0,551.2,126.1,71.4,0.0,0.0,0.0,M,M,M
139,madhya pradesh,sagar,0.8,11.6,1.1,0.0,11.1,149.8,353.0,126.1,219.3,11.3,0.0,0.0,M,M,L
140,madhya pradesh,satna,2.4,3.2,3.2,0.0,1.5,102.8,422.6,132.6,71.0,3.9,0.0,0.0,M,M,M
141,madhya pradesh,sehore,1.7,1.6,0.0,0.0,5.1,162.9,321.0,218.7,189.8,4.6,0.0,0.0,H,H,H
142,madhya pradesh,seoni,6.5,9.5,0.0,0.0,19.5,177.5,329.2,167.6,173.0,24.2,0.3,0.0,M,M,H
143,madhya pradesh,shahdol,6.0,7.0,6.0,0.0,1.0,101.2,167.3,360.8,69.2,25.0,0.0,0.0,M,M,H
144,madhya pradesh,shajapur,0.0,0.0,0.0,0.0,3.2,147.5,236.0,90.8,174.7,9.0,1.3,0.7,M,M,H
145,madhya pradesh,shivpuri,19.5,0.0,1.3,0.0,3.3,87.4,144.0,95.9,170.0,0.0,0.0,1.8,L,L,M
146,madhya pradesh,sidhi,8.2,2.0,1.4,0.0,8.4,62.2,439.4,153.4,67.4,5.6,0.0,0.0,L,M,L
147,madhya pradesh,ujjain,0.0,0.0,0.0,4.0,26.2,102.0,323.1,203.1,146.3,5.4,0.0,4.0,M,L,H
148,madhya pradesh,umaria,10.5,10.2,3.4,0.0,42.4,91.4,357.6,140.3,67.8,5.0,0.0,0.0,M,L,M
149,maharashtra,akola,0.0,0.0,0.1,0.0,0.0,125.2,168.0,156.2,98.7,86.5,0.0,0.0,L,L,H
150,maharashtra,beed,0.0,0.0,5.7,0.0,2.9,169.1,76.7,237.0,154.6,112.0,0.0,12.7,L,M,H
151,maharashtra,bhandara,0.6,0.0,10.1,0.0,13.6,111.5,304.2,293.7,117.0,51.5,0.0,0.0,L,L,H
152,maharashtra,buldhana,0.3,0.0,1.2,0.0,0.0,179.3,144.9,155.9,176.6,56.8,0.4,0.0,L,L,H
153,maharashtra,dhule,0.0,0.0,0.0,0.0,0.0,108.3,135.8,162.9,105.6,76.0,0.0,14.3,M,L,H
154,maharashtra,hingoli,0.0,0.0,0.0,0.0,2.8,231.0,99.4,220.2,62.4,71.4,0.0,0.0,L,L,H
155,maharashtra,jalgaon,0.0,0.0,0.0,0.0,13.0,118.3,158.6,149.9,121.5,44.7,5.6,0.1,L,L,H
156,maharashtra,jalna,0.0,0.0,0.0,0.0,2.8,154.7,61.0,199.2,168.3,98.9,0.0,0.0,L,L,H
157,maharashtra,kolhapur,0.6,0.0,0.0,0.1,60.1,310.6,613.5,210.3,358.0,166.2,5.4,2.4,M,L,M
158,maharashtra,latur,0.0,0.0,10.7,0.0,4.7,207.3,86.8,311.6,157.7,95.5,0.0,0.0,L,L,H
159,maharashtra,nagpur,0.6,0.0,1.2,0.0,16.4,140.3,236.2,345.4,168.8,41.7,0.0,0.0,L,L,H
161,maharashtra,nanded,0.0,0.0,6.2,0.0,5.9,182.6,123.2,253.8,75.1,65.0,0.0,0.0,L,L,H
162,maharashtra,nandurbar,0.0,0.0,0.0,0.0,0.0,141.8,339.2,153.5,99.8,35.7,0.0,26.8,M,L,H
163,maharashtra,nashik,0.0,0.0,0.0,0.0,12.9,221.0,580.8,260.8,134.6,121.1,2.0,14.4,L,L,M
164,maharashtra,parbhani,0.0,0.0,1.9,0.0,0.0,152.8,72.6,242.9,127.0,94.0,0.0,0.0,L,L,H
165,maharashtra,pune,0.0,0.0,0.0,0.0,24.6,289.1,512.5,290.2,211.0,116.0,13.9,0.7,L,L,H
166,maharashtra,ratnagiri,0.0,0.0,0.0,0.0,93.6,948.0,1094.0,688.1,704.7,155.2,2.1,0.0,L,L,H
167,maharashtra,satara,0.0,0.0,0.0,4.3,38.7,142.3,293.2,126.3,273.5,123.2,10.6,0.0,L,L,M
168,maharashtra,sindhudurg,0.0,0.0,0.0,0.0,84.7,858.6,914.3,557.2,585.2,183.7,0.0,0.0,M,L,L
169,maharashtra,thane,0.0,0.0,0.0,0.0,1.3,681.4,1153.8,950.5,458.1,182.5,0.0,0.0,M,M,M
170,maharashtra,wardha,0.0,0.0,0.3,0.0,8.1,211.2,219.0,162.5,165.0,46.8,0.0,0.0,L,L,H
171,maharashtra,washim,0.0,0.0,1.3,0.0,0.0,207.2,178.2,109.8,97.2,84.6,0.0,0.0,L,L,H
172,maharashtra,yeotmal,0.0,0.0,0.0,0.0,4.4,178.8,150.1,132.8,100.5,52.2,0.0,0.0,L,L,H
173,andhra pradesh,mahbubnagar,0.0,0.0,8.2,6.2,23.4,155.1,85.3,124.1,144.5,162.9,0.6,0.0,L,L,H
174,andhra pradesh,medak,0.0,0.0,13.3,0.0,4.9,202.5,147.0,214.6,68.1,101.9,0.0,0.0,M,L,H
175,assam,morigaon,0.0,6.6,24.6,220.4,170.8,246.0,231.0,370.8,105.0,145.4,20.2,0.0,L,M,M
176,bihar,muzaffarpur,0.1,0.0,13.7,5.3,100.3,67.9,375.4,225.4,80.9,1.5,0.0,0.0,M,M,L
177,assam,nagaon,0.0,12.7,58.4,155.7,205.1,210.4,208.5,274.7,180.6,110.4,19.5,6.7,M,M,L
178,bihar,nalanda,0.0,0.0,2.1,0.0,19.9,34.1,356.1,183.1,93.5,11.9,0.0,0.0,M,M,M
179,andhra pradesh,nalgonda,0.0,0.0,0.6,7.3,12.1,146.0,96.3,131.1,154.0,106.3,0.6,0.0,M,L,H
180,andhra pradesh,nellore,6.6,0.0,4.8,3.6,21.3,91.2,73.0,196.8,169.0,178.1,224.1,7.7,M,L,H
181,andhra pradesh,nizamabad,0.0,0.0,9.7,0.1,9.8,204.9,154.2,264.7,67.9,118.1,1.5,23.2,L,L,M
182,assam,n c hills,0.0,43.2,127.9,354.7,254.7,360.5,236.8,292.0,356.9,344.1,28.5,23.2,L,M,L
183,odisha,balasore,0.0,0.0,114.7,28.5,180.1,148.1,350.4,247.4,221.0,251.5,50.5,0.4,M,L,M
184,odisha,bargarh,4.9,0.0,10.5,0.0,13.6,249.1,254.2,239.3,117.3,59.7,1.3,0.4,M,M,M
185,odisha,bhadrak,0.0,0.0,44.1,7.3,37.0,169.3,269.3,229.9,140.7,251.7,54.6,0.4,L,L,M
186,odisha,bolangir,0.6,0.0,3.2,1.1,6.3,182.6,238.3,218.6,140.1,70.4,1.1,0.4,M,M,H
187,odisha,deogarh,0.3,0.0,44.1,0.3,60.6,276.6,446.1,382.4,224.2,54.5,12.5,0.4,M,M,M
188,odisha,dhenkanal,0.0,0.0,29.5,7.5,70.2,147.0,210.9,245.8,216.7,181.0,48.1,0.4,L,M,M
189,odisha,gajapati,0.0,0.0,76.5,32.5,129.3,209.3,269.9,296.4,146.4,198.1,73.1,0.4,L,L,M
190,odisha,ganjam,0.0,0.0,64.6,32.0,52.5,223.1,288.7,251.5,185.7,192.4,71.8,0.4,L,L,L
191,odisha,jagatsinghpur,0.0,0.0,61.3,2.9,84.8,187.7,226.7,275.6,121.9,267.6,79.5,0.4,L,M,M
192,odisha,jharsuguda,10.7,0.0,6.0,2.0,63.5,209.4,413.6,300.0,236.1,90.7,0.1,0.4,M,L,M
193,odisha,kalahandi,0.0,0.0,22.0,2.1,21.2,191.4,466.7,349.6,184.3,119.6,1.0,0.4,L,M,M
194,odisha,khurda,3.4,0.0,40.3,11.4,19.0,155.2,338.8,245.0,231.3,240.3,63.9,0.4,L,M,M
195,odisha,koraput,0.0,0.0,8.8,15.3,70.6,225.4,417.8,397.4,191.0,231.8,8.5,0.4,M,M,M
196,odisha,malkangiri,0.0,0.0,6.4,8.0,32.6,294.8,514.0,718.0,407.0,120.0,0.0,0.4,M,M,M
197,odisha,mayurbhanj,1.4,0.0,49.8,20.6,131.1,173.4,372.9,313.8,180.9,220.1,39.3,0.4,L,L,H
198,odisha,nayagarh,0.0,0.0,55.8,9.5,25.9,127.3,320.1,242.7,183.7,175.1,53.3,0.4,L,M,L
199,odisha,puri,0.0,0.0,22.1,7.8,12.3,176.0,351.1,308.7,199.3,320.2,107.0,0.4,L,M,M
200,odisha,rayagada,0.0,0.0,39.7,5.3,67.2,223.9,375.0,296.1,187.9,191.7,32.7,0.4,M,M,M
201,odisha,sambalpur,15.5,0.0,15.7,0.8,41.3,307.9,411.7,267.2,176.5,55.1,8.4,0.4,M,L,H
202,odisha,sonepur,0.0,0.0,2.1,0.0,5.4,264.2,315.7,192.4,156.7,124.2,3.6,0.4,M,M,H
203,odisha,sundargarh,2.0,0.0,1.5,3.0,53.6,225.9,521.5,268.2,176.6,66.8,3.3,0.4,L,M,M
204,bihar,patna,0.0,0.0,8.3,9.0,35.7,68.4,299.2,181.1,109.4,19.4,0.0,0.0,M,M,M
205,punjab,bhatinda,11.6,0.0,2.7,9.7,1.3,141.8,32.5,101.7,34.8,0.0,13.0,0.0,L,H,H
206,punjab,faridkot,13.5,0.0,0.0,29.7,0.0,132.2,28.6,12.2,100.6,0.0,7.1,0.0,L,M,H
207,punjab,ferozepur,9.0,0.2,5.8,6.6,2.6,27.2,12.3,8.0,12.3,0.0,2.8,0.0,L,M,H
208,punjab,gurdaspur,104.9,10.2,33.5,22.3,22.8,138.9,307.4,428.7,134.3,0.0,0.9,0.0,L,H,H
209,punjab,hoshiarpur,50.9,13.4,9.0,9.1,14.7,77.7,155.7,130.6,43.5,0.0,0.9,0.0,L,H,M
210,punjab,jalandhar,31.0,3.3,22.1,17.7,25.7,87.1,76.2,161.5,18.5,0.0,6.1,0.0,L,H,H
211,punjab,kapurthala,26.9,1.0,22.8,7.1,45.2,184.4,202.1,194.0,26.7,0.0,12.3,0.0,L,H,H
212,punjab,ludhiana,36.1,3.1,26.9,10.7,12.2,106.8,92.1,153.4,111.0,0.0,6.9,0.0,L,H,H
213,punjab,mansa,26.3,0.0,0.0,1.0,0.0,86.3,53.0,56.2,25.2,0.0,11.6,0.0,L,M,H
214,punjab,moga,16.4,0.0,9.0,9.3,0.0,166.2,44.8,124.0,141.6,0.0,17.2,0.0,L,M,H
215,punjab,muktsar,5.3,0.0,12.4,6.2,1.3,179.7,15.2,33.2,57.9,0.0,7.6,0.0,L,M,H
216,punjab,patiala,58.4,0.9,20.3,13.5,3.2,87.7,80.5,147.0,120.1,0.0,0.3,0.0,M,M,H
217,punjab,ropar,127.4,4.9,23.3,26.0,32.0,140.6,165.1,353.9,146.0,0.0,0.0,0.0,M,H,M
218,punjab,sangrur,41.0,2.8,14.1,8.6,8.9,76.8,44.9,54.4,33.5,0.0,4.3,0.0,M,M,H
219,rajasthan,alwar,22.8,0.0,8.9,0.6,29.2,69.1,98.0,101.6,31.6,0.0,0.0,0.0,L,M,H
220,rajasthan,banswara,0.0,0.0,0.0,0.0,7.4,99.9,462.3,222.9,107.1,0.0,0.0,0.0,L,M,M
221,rajasthan,baran,2.6,0.0,6.5,0.0,3.1,54.0,229.1,152.5,96.1,0.0,2.3,0.0,L,M,H
222,rajasthan,barmer,2.6,0.0,0.1,1.8,11.7,63.6,351.0,34.6,16.7,0.0,0.0,0.0,L,L,H
223,rajasthan,bharatpur,21.4,0.0,8.6,0.0,16.7,71.3,120.0,90.8,39.5,0.0,0.0,0.0,L,L,M
224,rajasthan,bhilwara,5.3,0.0,18.7,0.0,21.1,99.1,265.6,152.4,41.8,0.0,0.0,0.0,M,M,M
225,rajasthan,bundi,4.7,0.0,11.0,0.0,11.8,92.0,146.2,188.0,25.7,0.0,0.0,0.0,L,M,M
226,rajasthan,chittorgarh,4.5,0.0,6.8,4.4,14.0,80.6,419.0,134.7,53.8,0.0,0.0,0.0,M,M,H
227,rajasthan,churu,20.7,0.0,0.5,3.7,45.8,77.5,106.5,67.6,28.3,0.0,4.2,0.0,L,L,H
228,rajasthan,dausa,14.6,0.0,10.0,0.0,24.0,82.8,96.0,109.0,35.6,0.0,0.0,0.0,L,L,H
229,rajasthan,dholpur,14.3,0.0,17.9,0.8,7.0,46.8,105.8,145.8,46.0,0.0,0.0,0.0,L,L,M
230,rajasthan,hanumangarh,7.0,0.0,0.0,2.4,18.1,85.3,52.9,35.3,37.1,0.0,0.0,0.0,L,L,H
231,rajasthan,jaisalmer,3.1,0.0,10.2,4.7,26.5,44.7,160.1,20.5,0.7,0.0,0.0,0.0,L,L,H
232,rajasthan,jalore,4.8,0.0,0.0,0.0,13.7,83.4,757.4,38.1,14.0,0.0,0.0,0.0,L,L,H
233,rajasthan,jhalawar,2.0,0.0,1.0,0.0,9.9,104.5,430.8,162.0,101.7,0.0,0.0,0.0,M,M,H
234,rajasthan,jodhpur,9.3,0.0,15.9,4.3,45.1,107.5,230.4,42.6,20.0,0.0,0.0,0.0,L,M,H
235,rajasthan,karauli,14.5,0.0,0.0,0.0,13.5,83.8,105.2,104.3,26.2,0.0,0.0,0.0,L,L,H
236,rajasthan,kota,0.4,0.0,5.0,0.0,1.6,79.0,170.1,182.9,33.5,0.0,0.0,0.0,L,M,H
237,rajasthan,pali,4.0,0.0,0.0,0.0,32.6,135.8,526.6,112.3,10.8,0.0,0.0,0.0,L,M,H
238,rajasthan,rajsamand,0.0,0.0,0.1,0.0,1.7,115.0,422.6,131.0,59.6,0.0,0.0,0.0,L,M,M
239,rajasthan,sawai madhopur,12.3,0.0,5.0,1.1,7.8,91.7,145.6,126.2,30.7,0.0,0.5,0.0,L,L,H
240,rajasthan,sikar,1.4,0.0,2.6,0.0,25.5,86.8,114.1,67.7,27.5,0.0,1.8,0.0,L,L,H
241,rajasthan,tonk,13.5,0.0,6.3,1.7,20.3,103.6,154.1,146.0,14.3,0.0,0.0,0.0,L,M,H
242,rajasthan,udaipur,2.7,0.0,0.3,0.0,11.1,97.5,493.8,155.9,63.5,0.0,0.0,0.0,M,M,H
243,bihar,samastipur,0.0,0.0,22.4,30.7,96.3,129.5,441.2,399.6,120.2,29.0,0.0,0.0,M,H,M
244,andhra pradesh,srikakulam,0.0,0.0,36.2,16.6,33.5,138.5,278.8,369.3,134.3,137.1,105.8,0.5,M,L,H
245,tamil nadu,coimbatore,10.4,0.0,60.9,23.6,86.0,73.1,59.2,115.0,262.7,105.9,44.5,0.0,L,H,H
246,tamil nadu,cuddalore,114.0,0.3,12.4,0.0,11.0,65.3,69.0,211.1,121.9,202.9,391.4,0.0,L,M,M
247,tamil nadu,dharmapuri,8.4,0.0,35.8,43.6,161.5,16.3,26.3,158.4,201.4,159.4,49.4,0.0,L,M,H
248,tamil nadu,dindigul,38.2,0.7,43.5,26.7,81.1,37.6,10.1,146.5,216.0,175.0,87.6,0.0,L,M,H
249,tamil nadu,erode,10.8,0.0,43.9,69.0,145.5,22.0,12.3,89.8,187.0,101.6,34.4,0.0,L,M,M
250,tamil nadu,kanyakumari,2.1,0.0,27.1,12.2,113.0,150.4,16.6,50.5,193.3,155.6,201.5,0.0,L,M,M
251,tamil nadu,karur,17.2,0.0,49.0,10.2,68.6,9.8,18.6,132.4,175.3,87.2,54.0,0.0,L,M,M
252,tamil nadu,madurai,32.7,0.5,88.0,12.8,76.5,39.7,34.9,156.5,176.3,167.3,50.3,0.0,L,H,H
253,tamil nadu,nagapattinam,139.4,6.9,48.7,0.0,2.7,38.5,39.4,130.1,91.0,239.0,704.9,0.0,L,H,H
254,tamil nadu,namakkal,6.3,0.0,16.8,26.9,98.0,24.0,45.1,115.2,194.8,149.8,43.6,0.0,L,M,M
255,tamil nadu,ramanathapuram,59.9,7.1,41.4,0.0,27.9,32.6,19.7,74.6,84.4,64.2,146.9,0.0,L,H,H
256,tamil nadu,salem,12.2,0.0,32.9,22.4,112.6,24.5,37.4,199.4,223.4,212.1,64.0,0.0,L,M,H
257,tamil nadu,salem,12.2,0.0,32.9,22.4,112.6,24.5,37.4,199.4,223.4,212.1,64.0,0.0,M,H,H
258,tamil nadu,thanjavur,99.5,4.0,29.7,0.2,30.5,70.7,36.1,237.4,135.3,108.6,221.1,0.0,L,H,H
259,tamil nadu,theni,22.2,0.1,74.1,8.3,64.6,53.0,23.8,77.9,211.8,139.0,57.5,0.0,L,M,H
260,tamil nadu,tiruvannamalai,47.0,0.0,4.9,3.4,49.2,55.6,69.1,366.5,130.7,276.5,80.4,0.0,L,H,H
261,tamil nadu,tiruvarur,123.1,2.0,11.2,0.0,19.3,61.0,60.0,149.6,120.0,128.6,363.9,0.0,L,H,H
262,tamil nadu,vellore,23.1,0.0,6.0,6.3,94.5,59.8,50.3,259.2,204.4,216.6,58.9,0.0,L,H,H
263,tamil nadu,villupuram,40.2,0.0,8.2,0.0,41.6,72.2,73.9,190.1,105.1,226.5,174.8,0.0,L,M,M
264,tamil nadu,virudhunagar,23.2,6.2,38.1,14.2,92.4,10.0,24.1,122.5,137.0,125.7,67.6,0.0,L,M,H
265,assam,tinsukia,5.7,88.7,128.8,285.2,343.7,301.3,466.3,311.5,315.4,266.3,4.6,0.3,M,M,M
266,assam,udalguri,0.5,86.5,47.0,252.4,174.1,317.9,256.6,226.9,304.8,158.2,8.3,0.0,M,L,L
267,uttar pradesh,agra,12.4,0.0,11.1,1.6,20.0,43.3,82.0,70.9,78.1,0.0,0.0,0.0,L,L,H
268,uttar pradesh,aligarh,24.6,0.0,31.3,0.0,28.0,193.3,117.9,86.6,160.6,0.0,0.0,0.0,L,L,H
269,uttar pradesh,allahabad,0.2,0.0,0.1,1.2,4.7,40.2,466.7,117.8,60.9,0.4,0.0,0.0,L,L,H
270,uttar pradesh,auraiya,5.0,0.0,2.0,2.0,15.0,69.0,85.5,112.8,42.2,0.0,0.0,0.0,L,L,M
271,uttar pradesh,baghpat,68.5,0.0,14.7,1.3,22.9,139.5,159.7,89.3,165.0,0.0,0.0,0.0,L,L,M
272,uttar pradesh,balrampur,7.0,0.0,6.0,0.0,13.5,50.2,243.3,260.0,52.8,15.9,0.0,0.0,L,L,M
273,uttar pradesh,banda,0.0,0.0,1.9,0.0,13.5,35.5,237.0,161.0,59.4,0.0,0.0,0.0,L,L,M
274,uttar pradesh,barabanki,8.3,0.0,10.7,0.6,8.0,29.9,387.8,243.5,152.3,0.0,0.0,0.0,L,L,M
275,uttar pradesh,basti,18.2,0.0,2.5,1.1,67.3,53.9,396.2,215.5,139.7,14.3,0.0,0.0,L,L,M
276,uttar pradesh,faizabad,14.8,0.0,0.0,1.0,7.4,37.1,267.8,142.9,145.5,0.0,0.0,0.0,L,L,M
277,uttar pradesh,firozabad,13.8,0.0,13.5,0.0,8.8,59.5,185.0,227.7,146.0,0.0,0.0,0.0,L,L,H
278,uttar pradesh,ghaziabad,22.7,0.0,10.3,0.0,6.6,65.4,42.7,104.9,135.9,0.0,0.0,0.0,L,L,H
279,uttar pradesh,hardoi,18.8,1.0,10.1,0.2,9.1,53.3,251.7,157.2,58.4,0.0,0.0,0.0,L,M,H
280,uttar pradesh,jalaun,22.2,0.0,0.3,0.0,19.9,64.5,117.5,103.7,33.7,0.0,0.0,0.0,L,L,H
281,uttar pradesh,jaunpur,3.9,0.0,0.0,0.0,7.6,21.5,206.3,105.9,65.0,0.9,0.0,0.0,L,L,H
282,uttar pradesh,jhansi,4.9,0.0,0.8,0.0,6.7,97.5,149.4,145.9,60.2,2.8,0.0,0.0,L,L,H
283,uttar pradesh,kannauj,24.0,0.0,14.0,0.0,44.0,64.1,289.2,197.5,99.0,0.0,0.0,0.0,L,L,M
284,uttar pradesh,kanpur dehat,7.0,0.0,0.0,0.0,15.2,25.6,161.8,119.4,28.5,0.0,0.0,0.0,L,L,M
285,uttar pradesh,kanpur nagar,15.1,0.0,1.2,2.4,13.5,24.0,252.5,139.6,41.4,0.0,0.0,0.0,L,L,M
286,uttar pradesh,lalitpur,0.0,8.0,6.5,0.0,1.5,135.5,287.5,64.0,171.0,0.0,0.0,0.0,L,L,H
287,uttar pradesh,lucknow,7.9,0.0,2.7,0.0,2.8,48.8,298.0,247.9,59.3,4.7,0.0,0.0,L,L,H
288,uttar pradesh,maharajganj,5.8,0.0,1.0,11.0,68.7,51.0,273.5,449.8,83.3,2.5,0.0,0.0,L,L,M
289,uttar pradesh,mainpuri,9.1,0.0,8.9,0.0,9.0,38.9,269.0,130.4,131.1,0.0,0.0,0.0,L,L,H
290,uttar pradesh,mathura,1.0,0.0,0.0,0.0,2.0,30.8,133.5,60.0,36.5,0.0,0.0,0.0,L,L,M
291,uttar pradesh,mau,10.0,0.0,0.0,2.5,11.5,12.0,208.0,129.7,28.5,0.0,0.0,0.0,L,L,M
292,uttar pradesh,meerut,47.8,0.0,7.0,11.1,18.5,92.7,126.1,90.1,202.6,0.0,0.0,0.0,L,L,M
293,uttar pradesh,mirzapur,0.5,0.0,0.0,0.0,15.5,39.9,395.4,100.5,14.6,0.0,0.0,0.0,M,L,H
294,uttar pradesh,rampur,12.0,0.0,8.6,0.0,13.2,45.8,189.6,123.0,126.5,0.0,0.0,0.0,L,L,M
295,uttar pradesh,saharanpur,48.3,3.3,6.7,9.0,1.0,184.1,132.3,182.0,192.0,0.0,0.0,0.0,L,L,M
296,uttar pradesh,sitapur,15.0,0.0,6.5,6.3,28.5,69.0,263.3,153.5,99.2,0.0,0.0,0.0,L,L,M
297,uttar pradesh,sultanpur,16.5,0.0,2.2,4.0,3.8,68.1,260.7,114.0,78.9,0.1,0.0,0.0,L,L,M
298,uttar pradesh,varanasi,4.9,0.0,1.2,1.3,9.4,47.9,456.8,146.0,94.3,3.7,0.0,0.0,L,L,M
299,uttarakhand,chamoli,29.0,20.4,70.7,103.0,116.4,206.6,446.4,388.4,200.9,1.0,0.9,0.0,M,L,H
300,uttarakhand,champawat,29.0,7.0,12.0,16.5,63.5,143.0,551.5,411.9,164.5,2.0,0.0,0.0,M,L,H
301,uttarakhand,dehradun,41.6,10.7,36.1,37.8,81.8,390.5,603.5,460.1,264.5,0.0,0.1,0.0,L,L,M
302,uttarakhand,nainital,51.1,13.5,21.9,15.6,162.0,176.3,654.7,506.8,413.1,0.0,0.0,0.0,M,M,H
303,uttarakhand,rudraprayag,34.5,8.9,81.3,113.6,232.6,263.7,530.4,413.6,284.4,0.3,0.0,0.0,M,L,M
304,uttarakhand,uttarkashi,52.2,24.8,75.9,58.8,153.4,178.2,426.7,179.9,166.8,0.0,0.2,0.0,L,L,M
305,andhra pradesh,vizianagaram,0.1,0.0,37.4,5.1,53.8,110.1,144.1,349.3,187.3,158.2,35.2,0.1,L,M,H
306,andhra pradesh,warangal,0.0,0.0,5.6,1.0,19.5,225.5,197.4,241.1,159.9,121.3,1.0,0.0,L,L,H
307,west bengal,darjeeling,0.9,4.6,79.1,61.3,276.1,531.0,760.2,767.9,531.0,63.8,7.6,0.0,M,M,M
308,west bengal,hooghly,0.0,0.0,23.9,11.8,115.2,186.6,434.6,227.0,180.8,212.4,25.2,0.0,M,H,M
309,west bengal,jalpaiguri,1.9,0.8,83.8,101.3,287.4,631.0,569.7,1167.3,596.1,204.4,2.8,0.0,M,M,L
310,west bengal,nadia,0.0,0.0,12.4,12.2,136.3,221.3,404.2,200.9,147.4,155.2,23.6,0.0,M,M,M
311,west bengal,purulia,0.1,0.0,13.6,43.7,115.3,186.2,568.2,249.6,197.0,180.5,10.6,0.0,M,L,M
312,bihar,west champaran,3.7,0.0,95.2,38.0,102.9,91.0,443.2,937.7,329.9,13.3,0.0,0.0,H,M,M
